/home/pi/IoT_class_Data_collec/AIoT/IMG2/Image_1669863288827072.jpg,0.0,0.0
/home/pi/IoT_class_Data_collec/AIoT/IMG2/Image_1669863288835911.jpg,0.0,0.0
/home/pi/IoT_class_Data_collec/AIoT/IMG2/Image_1669863288846124.jpg,0.0,0.0
/home/pi/IoT_class_Data_collec/AIoT/IMG2/Image_1669863288855503.jpg,0.0,0.0
/home/pi/IoT_class_Data_collec/AIoT/IMG2/Image_1669863288870737.jpg,0.0,0.0
/home/pi/IoT_class_Data_collec/AIoT/IMG2/Image_1669863288900973.jpg,0.0,0.0
/home/pi/IoT_class_Data_collec/AIoT/IMG2/Image_1669863288937397.jpg,0.0,0.0
/home/pi/IoT_class_Data_collec/AIoT/IMG2/Image_1669863288968943.jpg,0.0,0.0
/home/pi/IoT_class_Data_collec/AIoT/IMG2/Image_1669863289000384.jpg,0.0,0.0
/home/pi/IoT_class_Data_collec/AIoT/IMG2/Image_1669863289036518.jpg,0.0,0.0
/home/pi/IoT_class_Data_collec/AIoT/IMG2/Image_1669863289068284.jpg,0.0,0.0
/home/pi/IoT_class_Data_collec/AIoT/IMG2/Image_1669863289100557.jpg,0.0,0.0
/home/pi/IoT_class_Data_collec/AIoT/IMG2/Image_1669863289136117.jpg,0.0,0.0
/home/pi/IoT_class_Data_collec/AIoT/IMG2/Image_1669863289168246.jpg,0.0,0.0
/home/pi/IoT_class_Data_collec/AIoT/IMG2/Image_1669863289200033.jpg,0.0,0.0
/home/pi/IoT_class_Data_collec/AIoT/IMG2/Image_1669863289236587.jpg,0.0,0.0
/home/pi/IoT_class_Data_collec/AIoT/IMG2/Image_16698632892686.jpg,0.0,0.0
/home/pi/IoT_class_Data_collec/AIoT/IMG2/Image_1669863289300222.jpg,0.0,0.0
/home/pi/IoT_class_Data_collec/AIoT/IMG2/Image_1669863289336266.jpg,0.0,0.0
/home/pi/IoT_class_Data_collec/AIoT/IMG2/Image_1669863289368748.jpg,0.0,0.0
/home/pi/IoT_class_Data_collec/AIoT/IMG2/Image_1669863289404448.jpg,0.0,0.0
/home/pi/IoT_class_Data_collec/AIoT/IMG2/Image_1669863289439295.jpg,0.0,0.0
/home/pi/IoT_class_Data_collec/AIoT/IMG2/Image_166986328947249.jpg,0.0,0.0
/home/pi/IoT_class_Data_collec/AIoT/IMG2/Image_1669863289499999.jpg,0.0,0.0
/home/pi/IoT_class_Data_collec/AIoT/IMG2/Image_1669863289537101.jpg,0.0,0.0
/home/pi/IoT_class_Data_collec/AIoT/IMG2/Image_166986328956868.jpg,0.0,0.0
/home/pi/IoT_class_Data_collec/AIoT/IMG2/Image_1669863289600065.jpg,0.0,0.0
/home/pi/IoT_class_Data_collec/AIoT/IMG2/Image_1669863289636194.jpg,0.0,0.0
/home/pi/IoT_class_Data_collec/AIoT/IMG2/Image_1669863289668165.jpg,0.0,0.0
/home/pi/IoT_class_Data_collec/AIoT/IMG2/Image_1669863289700363.jpg,0.0,0.0
/home/pi/IoT_class_Data_collec/AIoT/IMG2/Image_1669863289736124.jpg,0.0,0.0
/home/pi/IoT_class_Data_collec/AIoT/IMG2/Image_1669863289768649.jpg,0.0,0.0
/home/pi/IoT_class_Data_collec/AIoT/IMG2/Image_1669863289800364.jpg,0.0,0.0
/home/pi/IoT_class_Data_collec/AIoT/IMG2/Image_1669863289835697.jpg,0.0,0.7
/home/pi/IoT_class_Data_collec/AIoT/IMG2/Image_166986328986764.jpg,0.0,0.7
/home/pi/IoT_class_Data_collec/AIoT/IMG2/Image_1669863289900044.jpg,0.0,0.7
/home/pi/IoT_class_Data_collec/AIoT/IMG2/Image_1669863289935724.jpg,0.0,0.7
/home/pi/IoT_class_Data_collec/AIoT/IMG2/Image_1669863289967676.jpg,0.0,0.7
/home/pi/IoT_class_Data_collec/AIoT/IMG2/Image_1669863289999716.jpg,0.0,0.7
/home/pi/IoT_class_Data_collec/AIoT/IMG2/Image_166986329003577.jpg,0.0,0.7
/home/pi/IoT_class_Data_collec/AIoT/IMG2/Image_1669863290067789.jpg,0.0,0.7
/home/pi/IoT_class_Data_collec/AIoT/IMG2/Image_1669863290099957.jpg,0.0,0.7
/home/pi/IoT_class_Data_collec/AIoT/IMG2/Image_1669863290135908.jpg,0.0,0.7
/home/pi/IoT_class_Data_collec/AIoT/IMG2/Image_1669863290167738.jpg,0.0,0.7
/home/pi/IoT_class_Data_collec/AIoT/IMG2/Image_1669863290202775.jpg,0.0,0.7
/home/pi/IoT_class_Data_collec/AIoT/IMG2/Image_1669863290238962.jpg,0.0,0.7
/home/pi/IoT_class_Data_collec/AIoT/IMG2/Image_1669863290271294.jpg,0.16,0.7
/home/pi/IoT_class_Data_collec/AIoT/IMG2/Image_1669863290300528.jpg,0.63,0.7
/home/pi/IoT_class_Data_collec/AIoT/IMG2/Image_1669863290335787.jpg,1.0,0.7
/home/pi/IoT_class_Data_collec/AIoT/IMG2/Image_1669863290367867.jpg,1.0,0.7
/home/pi/IoT_class_Data_collec/AIoT/IMG2/Image_1669863290399959.jpg,1.0,0.7
/home/pi/IoT_class_Data_collec/AIoT/IMG2/Image_166986329043593.jpg,1.0,0.7
/home/pi/IoT_class_Data_collec/AIoT/IMG2/Image_1669863290468061.jpg,0.73,0.7
/home/pi/IoT_class_Data_collec/AIoT/IMG2/Image_1669863290499708.jpg,0.22,0.7
/home/pi/IoT_class_Data_collec/AIoT/IMG2/Image_1669863290535795.jpg,0.04,0.7
/home/pi/IoT_class_Data_collec/AIoT/IMG2/Image_1669863290567805.jpg,0.55,0.7
/home/pi/IoT_class_Data_collec/AIoT/IMG2/Image_166986329060092.jpg,0.98,0.7
/home/pi/IoT_class_Data_collec/AIoT/IMG2/Image_1669863290635761.jpg,1.0,0.7
/home/pi/IoT_class_Data_collec/AIoT/IMG2/Image_1669863290667979.jpg,1.0,0.7
/home/pi/IoT_class_Data_collec/AIoT/IMG2/Image_1669863290699813.jpg,1.0,0.7
/home/pi/IoT_class_Data_collec/AIoT/IMG2/Image_1669863290735784.jpg,1.0,0.7
/home/pi/IoT_class_Data_collec/AIoT/IMG2/Image_1669863290768254.jpg,1.0,0.7
/home/pi/IoT_class_Data_collec/AIoT/IMG2/Image_1669863290800054.jpg,1.0,0.7
/home/pi/IoT_class_Data_collec/AIoT/IMG2/Image_1669863290836333.jpg,1.0,0.7
/home/pi/IoT_class_Data_collec/AIoT/IMG2/Image_1669863290867792.jpg,1.0,0.7
/home/pi/IoT_class_Data_collec/AIoT/IMG2/Image_1669863290899949.jpg,1.0,0.7
/home/pi/IoT_class_Data_collec/AIoT/IMG2/Image_1669863290935799.jpg,1.0,0.7
/home/pi/IoT_class_Data_collec/AIoT/IMG2/Image_1669863290967822.jpg,1.0,0.7
/home/pi/IoT_class_Data_collec/AIoT/IMG2/Image_1669863291000415.jpg,1.0,0.7
/home/pi/IoT_class_Data_collec/AIoT/IMG2/Image_1669863291038736.jpg,1.0,0.7
/home/pi/IoT_class_Data_collec/AIoT/IMG2/Image_1669863291071111.jpg,1.0,0.7
/home/pi/IoT_class_Data_collec/AIoT/IMG2/Image_1669863291102497.jpg,1.0,0.7
/home/pi/IoT_class_Data_collec/AIoT/IMG2/Image_1669863291135844.jpg,1.0,0.7
/home/pi/IoT_class_Data_collec/AIoT/IMG2/Image_1669863291168228.jpg,0.89,0.7
/home/pi/IoT_class_Data_collec/AIoT/IMG2/Image_1669863291199893.jpg,0.26,0.7
/home/pi/IoT_class_Data_collec/AIoT/IMG2/Image_16698632912358.jpg,0.0,0.7
/home/pi/IoT_class_Data_collec/AIoT/IMG2/Image_1669863291267981.jpg,0.0,0.7
/home/pi/IoT_class_Data_collec/AIoT/IMG2/Image_166986329129983.jpg,0.0,0.7
/home/pi/IoT_class_Data_collec/AIoT/IMG2/Image_1669863291338326.jpg,0.0,0.7
/home/pi/IoT_class_Data_collec/AIoT/IMG2/Image_166986329136876.jpg,0.0,0.7
/home/pi/IoT_class_Data_collec/AIoT/IMG2/Image_1669863291399836.jpg,0.0,0.7
/home/pi/IoT_class_Data_collec/AIoT/IMG2/Image_1669863291436017.jpg,0.0,0.7
/home/pi/IoT_class_Data_collec/AIoT/IMG2/Image_1669863291468088.jpg,0.0,0.7
/home/pi/IoT_class_Data_collec/AIoT/IMG2/Image_1669863291499837.jpg,0.0,0.7
/home/pi/IoT_class_Data_collec/AIoT/IMG2/Image_1669863291536025.jpg,0.0,0.7
/home/pi/IoT_class_Data_collec/AIoT/IMG2/Image_1669863291567841.jpg,0.0,0.7
/home/pi/IoT_class_Data_collec/AIoT/IMG2/Image_1669863291600202.jpg,0.0,0.7
/home/pi/IoT_class_Data_collec/AIoT/IMG2/Image_1669863291635876.jpg,0.0,0.7
/home/pi/IoT_class_Data_collec/AIoT/IMG2/Image_1669863291668003.jpg,0.0,0.7
/home/pi/IoT_class_Data_collec/AIoT/IMG2/Image_1669863291699899.jpg,0.33,0.7
/home/pi/IoT_class_Data_collec/AIoT/IMG2/Image_1669863291735941.jpg,1.0,0.7
/home/pi/IoT_class_Data_collec/AIoT/IMG2/Image_1669863291767915.jpg,1.0,0.7
/home/pi/IoT_class_Data_collec/AIoT/IMG2/Image_1669863291799847.jpg,1.0,0.7
/home/pi/IoT_class_Data_collec/AIoT/IMG2/Image_1669863291838725.jpg,1.0,0.7
/home/pi/IoT_class_Data_collec/AIoT/IMG2/Image_1669863291872142.jpg,1.0,0.7
/home/pi/IoT_class_Data_collec/AIoT/IMG2/Image_1669863291903587.jpg,1.0,0.7
/home/pi/IoT_class_Data_collec/AIoT/IMG2/Image_1669863291938329.jpg,1.0,0.7
/home/pi/IoT_class_Data_collec/AIoT/IMG2/Image_1669863291970992.jpg,1.0,0.7
/home/pi/IoT_class_Data_collec/AIoT/IMG2/Image_1669863292002036.jpg,1.0,0.7
/home/pi/IoT_class_Data_collec/AIoT/IMG2/Image_1669863292038196.jpg,0.98,0.7
/home/pi/IoT_class_Data_collec/AIoT/IMG2/Image_1669863292070974.jpg,0.37,0.7
/home/pi/IoT_class_Data_collec/AIoT/IMG2/Image_1669863292102187.jpg,0.0,0.7
/home/pi/IoT_class_Data_collec/AIoT/IMG2/Image_1669863292135939.jpg,0.0,0.7
/home/pi/IoT_class_Data_collec/AIoT/IMG2/Image_1669863292167903.jpg,0.0,0.7
/home/pi/IoT_class_Data_collec/AIoT/IMG2/Image_1669863292199903.jpg,0.0,0.7
/home/pi/IoT_class_Data_collec/AIoT/IMG2/Image_1669863292236402.jpg,0.0,0.7
/home/pi/IoT_class_Data_collec/AIoT/IMG2/Image_1669863292267884.jpg,0.0,0.7
/home/pi/IoT_class_Data_collec/AIoT/IMG2/Image_1669863292300041.jpg,0.0,0.7
/home/pi/IoT_class_Data_collec/AIoT/IMG2/Image_1669863292336016.jpg,0.04,0.7
/home/pi/IoT_class_Data_collec/AIoT/IMG2/Image_1669863292367892.jpg,0.47,0.7
/home/pi/IoT_class_Data_collec/AIoT/IMG2/Image_1669863292400045.jpg,1.0,0.7
/home/pi/IoT_class_Data_collec/AIoT/IMG2/Image_1669863292435925.jpg,1.0,0.7
/home/pi/IoT_class_Data_collec/AIoT/IMG2/Image_1669863292467915.jpg,1.0,0.7
/home/pi/IoT_class_Data_collec/AIoT/IMG2/Image_1669863292500213.jpg,1.0,0.7
/home/pi/IoT_class_Data_collec/AIoT/IMG2/Image_1669863292535985.jpg,0.74,0.7
/home/pi/IoT_class_Data_collec/AIoT/IMG2/Image_16698632925679.jpg,0.24,0.7
/home/pi/IoT_class_Data_collec/AIoT/IMG2/Image_166986329260008.jpg,0.0,0.7
/home/pi/IoT_class_Data_collec/AIoT/IMG2/Image_16698632926361.jpg,0.0,0.7
/home/pi/IoT_class_Data_collec/AIoT/IMG2/Image_1669863292667896.jpg,0.0,0.7
/home/pi/IoT_class_Data_collec/AIoT/IMG2/Image_1669863292699925.jpg,0.0,0.7
/home/pi/IoT_class_Data_collec/AIoT/IMG2/Image_1669863292735972.jpg,0.36,0.7
/home/pi/IoT_class_Data_collec/AIoT/IMG2/Image_1669863292768058.jpg,0.73,0.7
/home/pi/IoT_class_Data_collec/AIoT/IMG2/Image_1669863292800263.jpg,0.86,0.7
/home/pi/IoT_class_Data_collec/AIoT/IMG2/Image_166986329283947.jpg,0.81,0.7
/home/pi/IoT_class_Data_collec/AIoT/IMG2/Image_1669863292870792.jpg,0.37,0.7
/home/pi/IoT_class_Data_collec/AIoT/IMG2/Image_1669863292902937.jpg,0.0,0.7
/home/pi/IoT_class_Data_collec/AIoT/IMG2/Image_1669863292936168.jpg,0.0,0.7
/home/pi/IoT_class_Data_collec/AIoT/IMG2/Image_1669863292968222.jpg,0.0,0.7
/home/pi/IoT_class_Data_collec/AIoT/IMG2/Image_1669863293000053.jpg,0.0,0.7
/home/pi/IoT_class_Data_collec/AIoT/IMG2/Image_1669863293036024.jpg,0.0,0.7
/home/pi/IoT_class_Data_collec/AIoT/IMG2/Image_1669863293068172.jpg,0.0,0.7
/home/pi/IoT_class_Data_collec/AIoT/IMG2/Image_1669863293100058.jpg,0.0,0.7
/home/pi/IoT_class_Data_collec/AIoT/IMG2/Image_1669863293136191.jpg,0.0,0.7
/home/pi/IoT_class_Data_collec/AIoT/IMG2/Image_1669863293168113.jpg,0.0,0.7
/home/pi/IoT_class_Data_collec/AIoT/IMG2/Image_1669863293199907.jpg,0.16,0.7
/home/pi/IoT_class_Data_collec/AIoT/IMG2/Image_166986329323609.jpg,0.39,0.7
/home/pi/IoT_class_Data_collec/AIoT/IMG2/Image_1669863293267969.jpg,0.75,0.7
/home/pi/IoT_class_Data_collec/AIoT/IMG2/Image_1669863293299953.jpg,0.84,0.7
/home/pi/IoT_class_Data_collec/AIoT/IMG2/Image_166986329333611.jpg,0.7,0.7
/home/pi/IoT_class_Data_collec/AIoT/IMG2/Image_166986329336797.jpg,0.33,0.7
/home/pi/IoT_class_Data_collec/AIoT/IMG2/Image_1669863293400372.jpg,0.01,0.7
/home/pi/IoT_class_Data_collec/AIoT/IMG2/Image_1669863293435976.jpg,0.12,0.7
/home/pi/IoT_class_Data_collec/AIoT/IMG2/Image_1669863293468071.jpg,0.86,0.7
/home/pi/IoT_class_Data_collec/AIoT/IMG2/Image_1669863293500168.jpg,1.0,0.7
/home/pi/IoT_class_Data_collec/AIoT/IMG2/Image_166986329353597.jpg,1.0,0.7
/home/pi/IoT_class_Data_collec/AIoT/IMG2/Image_1669863293568012.jpg,1.0,0.7
/home/pi/IoT_class_Data_collec/AIoT/IMG2/Image_1669863293599996.jpg,1.0,0.7
/home/pi/IoT_class_Data_collec/AIoT/IMG2/Image_1669863293639016.jpg,1.0,0.7
/home/pi/IoT_class_Data_collec/AIoT/IMG2/Image_1669863293671264.jpg,1.0,0.7
/home/pi/IoT_class_Data_collec/AIoT/IMG2/Image_1669863293702867.jpg,1.0,0.7
/home/pi/IoT_class_Data_collec/AIoT/IMG2/Image_1669863293736279.jpg,1.0,0.7
/home/pi/IoT_class_Data_collec/AIoT/IMG2/Image_1669863293768016.jpg,1.0,0.7
/home/pi/IoT_class_Data_collec/AIoT/IMG2/Image_1669863293800024.jpg,0.32,0.7
/home/pi/IoT_class_Data_collec/AIoT/IMG2/Image_1669863293836014.jpg,0.0,0.7
/home/pi/IoT_class_Data_collec/AIoT/IMG2/Image_1669863293868217.jpg,0.0,0.7
/home/pi/IoT_class_Data_collec/AIoT/IMG2/Image_1669863293900124.jpg,0.0,0.7
/home/pi/IoT_class_Data_collec/AIoT/IMG2/Image_1669863293936256.jpg,0.0,0.7
/home/pi/IoT_class_Data_collec/AIoT/IMG2/Image_1669863293968002.jpg,0.0,0.7
/home/pi/IoT_class_Data_collec/AIoT/IMG2/Image_1669863294000014.jpg,0.37,0.7
/home/pi/IoT_class_Data_collec/AIoT/IMG2/Image_166986329403604.jpg,0.95,0.7
/home/pi/IoT_class_Data_collec/AIoT/IMG2/Image_1669863294068044.jpg,1.0,0.7
/home/pi/IoT_class_Data_collec/AIoT/IMG2/Image_1669863294100084.jpg,1.0,0.7
/home/pi/IoT_class_Data_collec/AIoT/IMG2/Image_1669863294136063.jpg,1.0,0.7
/home/pi/IoT_class_Data_collec/AIoT/IMG2/Image_1669863294168072.jpg,1.0,0.7
/home/pi/IoT_class_Data_collec/AIoT/IMG2/Image_1669863294200304.jpg,0.94,0.7
/home/pi/IoT_class_Data_collec/AIoT/IMG2/Image_1669863294236228.jpg,0.33,0.7
/home/pi/IoT_class_Data_collec/AIoT/IMG2/Image_1669863294268137.jpg,0.0,0.7
/home/pi/IoT_class_Data_collec/AIoT/IMG2/Image_1669863294300398.jpg,0.0,0.7
/home/pi/IoT_class_Data_collec/AIoT/IMG2/Image_1669863294336074.jpg,0.0,0.7
/home/pi/IoT_class_Data_collec/AIoT/IMG2/Image_1669863294368177.jpg,0.0,0.7
/home/pi/IoT_class_Data_collec/AIoT/IMG2/Image_166986329440015.jpg,0.41,0.7
/home/pi/IoT_class_Data_collec/AIoT/IMG2/Image_1669863294439004.jpg,0.98,0.7
/home/pi/IoT_class_Data_collec/AIoT/IMG2/Image_166986329447087.jpg,1.0,0.7
/home/pi/IoT_class_Data_collec/AIoT/IMG2/Image_1669863294503541.jpg,1.0,0.7
/home/pi/IoT_class_Data_collec/AIoT/IMG2/Image_1669863294536228.jpg,1.0,0.7
/home/pi/IoT_class_Data_collec/AIoT/IMG2/Image_1669863294568469.jpg,1.0,0.7
/home/pi/IoT_class_Data_collec/AIoT/IMG2/Image_1669863294600411.jpg,1.0,0.7
/home/pi/IoT_class_Data_collec/AIoT/IMG2/Image_1669863294636128.jpg,1.0,0.7
/home/pi/IoT_class_Data_collec/AIoT/IMG2/Image_1669863294668087.jpg,1.0,0.7
/home/pi/IoT_class_Data_collec/AIoT/IMG2/Image_1669863294700525.jpg,1.0,0.7
/home/pi/IoT_class_Data_collec/AIoT/IMG2/Image_1669863294736126.jpg,1.0,0.7
/home/pi/IoT_class_Data_collec/AIoT/IMG2/Image_1669863294768193.jpg,1.0,0.7
/home/pi/IoT_class_Data_collec/AIoT/IMG2/Image_1669863294800156.jpg,1.0,0.7
/home/pi/IoT_class_Data_collec/AIoT/IMG2/Image_1669863294836316.jpg,1.0,0.7
/home/pi/IoT_class_Data_collec/AIoT/IMG2/Image_1669863294868105.jpg,1.0,0.7
/home/pi/IoT_class_Data_collec/AIoT/IMG2/Image_1669863294900128.jpg,1.0,0.7
/home/pi/IoT_class_Data_collec/AIoT/IMG2/Image_166986329493608.jpg,1.0,0.7
/home/pi/IoT_class_Data_collec/AIoT/IMG2/Image_1669863294968147.jpg,1.0,0.7
/home/pi/IoT_class_Data_collec/AIoT/IMG2/Image_1669863295000155.jpg,1.0,0.7
/home/pi/IoT_class_Data_collec/AIoT/IMG2/Image_166986329503655.jpg,1.0,0.7
/home/pi/IoT_class_Data_collec/AIoT/IMG2/Image_1669863295068339.jpg,1.0,0.7
/home/pi/IoT_class_Data_collec/AIoT/IMG2/Image_1669863295100325.jpg,1.0,0.7
/home/pi/IoT_class_Data_collec/AIoT/IMG2/Image_1669863295136455.jpg,0.75,0.0
/home/pi/IoT_class_Data_collec/AIoT/IMG2/Image_1669863295168151.jpg,0.0,0.0
/home/pi/IoT_class_Data_collec/AIoT/IMG2/Image_1669863295200392.jpg,0.0,0.0
/home/pi/IoT_class_Data_collec/AIoT/IMG2/Image_1669863295239135.jpg,0.0,0.0
/home/pi/IoT_class_Data_collec/AIoT/IMG2/Image_166986329527123.jpg,0.0,0.7
/home/pi/IoT_class_Data_collec/AIoT/IMG2/Image_1669863295303549.jpg,0.0,0.7
/home/pi/IoT_class_Data_collec/AIoT/IMG2/Image_1669863295338454.jpg,0.0,0.7
/home/pi/IoT_class_Data_collec/AIoT/IMG2/Image_1669863295370361.jpg,0.0,0.7
/home/pi/IoT_class_Data_collec/AIoT/IMG2/Image_1669863295403008.jpg,0.0,0.7
/home/pi/IoT_class_Data_collec/AIoT/IMG2/Image_1669863295438659.jpg,0.0,0.7
/home/pi/IoT_class_Data_collec/AIoT/IMG2/Image_1669863295470371.jpg,0.0,0.7
/home/pi/IoT_class_Data_collec/AIoT/IMG2/Image_1669863295502845.jpg,0.0,0.0
/home/pi/IoT_class_Data_collec/AIoT/IMG2/Image_1669863295538872.jpg,0.0,0.0
/home/pi/IoT_class_Data_collec/AIoT/IMG2/Image_1669863295570753.jpg,0.0,0.0
/home/pi/IoT_class_Data_collec/AIoT/IMG2/Image_1669863295603041.jpg,0.0,0.0
/home/pi/IoT_class_Data_collec/AIoT/IMG2/Image_1669863295638961.jpg,0.0,0.7
/home/pi/IoT_class_Data_collec/AIoT/IMG2/Image_1669863295671.jpg,0.0,0.7
/home/pi/IoT_class_Data_collec/AIoT/IMG2/Image_1669863295704622.jpg,0.0,0.7
/home/pi/IoT_class_Data_collec/AIoT/IMG2/Image_1669863295738846.jpg,0.08,0.7
/home/pi/IoT_class_Data_collec/AIoT/IMG2/Image_1669863295771329.jpg,0.75,0.7
/home/pi/IoT_class_Data_collec/AIoT/IMG2/Image_1669863295802486.jpg,1.0,0.7
/home/pi/IoT_class_Data_collec/AIoT/IMG2/Image_1669863295838733.jpg,1.0,0.7
/home/pi/IoT_class_Data_collec/AIoT/IMG2/Image_1669863295871266.jpg,1.0,0.7
/home/pi/IoT_class_Data_collec/AIoT/IMG2/Image_1669863295902588.jpg,1.0,0.7
/home/pi/IoT_class_Data_collec/AIoT/IMG2/Image_1669863295938851.jpg,1.0,0.7
/home/pi/IoT_class_Data_collec/AIoT/IMG2/Image_1669863295970646.jpg,1.0,0.7
/home/pi/IoT_class_Data_collec/AIoT/IMG2/Image_1669863296002982.jpg,1.0,0.7
/home/pi/IoT_class_Data_collec/AIoT/IMG2/Image_1669863296039148.jpg,1.0,0.7
/home/pi/IoT_class_Data_collec/AIoT/IMG2/Image_1669863296070237.jpg,1.0,0.7
/home/pi/IoT_class_Data_collec/AIoT/IMG2/Image_1669863296102955.jpg,1.0,0.7
/home/pi/IoT_class_Data_collec/AIoT/IMG2/Image_1669863296138981.jpg,1.0,0.7
/home/pi/IoT_class_Data_collec/AIoT/IMG2/Image_1669863296171082.jpg,1.0,0.7
/home/pi/IoT_class_Data_collec/AIoT/IMG2/Image_1669863296202942.jpg,1.0,0.7
/home/pi/IoT_class_Data_collec/AIoT/IMG2/Image_1669863296238827.jpg,1.0,0.7
/home/pi/IoT_class_Data_collec/AIoT/IMG2/Image_1669863296270456.jpg,1.0,0.7
/home/pi/IoT_class_Data_collec/AIoT/IMG2/Image_1669863296303076.jpg,1.0,0.7
/home/pi/IoT_class_Data_collec/AIoT/IMG2/Image_1669863296339001.jpg,1.0,0.7
/home/pi/IoT_class_Data_collec/AIoT/IMG2/Image_1669863296370942.jpg,1.0,0.7
/home/pi/IoT_class_Data_collec/AIoT/IMG2/Image_1669863296403163.jpg,1.0,0.7
/home/pi/IoT_class_Data_collec/AIoT/IMG2/Image_1669863296438315.jpg,1.0,0.7
/home/pi/IoT_class_Data_collec/AIoT/IMG2/Image_1669863296471147.jpg,0.89,0.7
/home/pi/IoT_class_Data_collec/AIoT/IMG2/Image_1669863296502949.jpg,0.28,0.0
/home/pi/IoT_class_Data_collec/AIoT/IMG2/Image_1669863296538823.jpg,0.0,0.0
/home/pi/IoT_class_Data_collec/AIoT/IMG2/Image_1669863296570869.jpg,0.0,0.7
/home/pi/IoT_class_Data_collec/AIoT/IMG2/Image_1669863296602775.jpg,0.0,0.7
/home/pi/IoT_class_Data_collec/AIoT/IMG2/Image_1669863296638758.jpg,0.0,0.7
/home/pi/IoT_class_Data_collec/AIoT/IMG2/Image_1669863296670985.jpg,0.0,0.7
/home/pi/IoT_class_Data_collec/AIoT/IMG2/Image_1669863296703204.jpg,0.0,0.0
/home/pi/IoT_class_Data_collec/AIoT/IMG2/Image_1669863296739009.jpg,0.0,0.7
/home/pi/IoT_class_Data_collec/AIoT/IMG2/Image_1669863296771027.jpg,0.0,0.7
/home/pi/IoT_class_Data_collec/AIoT/IMG2/Image_1669863296802911.jpg,0.0,0.7
/home/pi/IoT_class_Data_collec/AIoT/IMG2/Image_1669863296838773.jpg,0.0,0.7
/home/pi/IoT_class_Data_collec/AIoT/IMG2/Image_1669863296870834.jpg,0.0,0.7
/home/pi/IoT_class_Data_collec/AIoT/IMG2/Image_1669863296903149.jpg,0.32,0.7
/home/pi/IoT_class_Data_collec/AIoT/IMG2/Image_1669863296938871.jpg,1.0,0.7
/home/pi/IoT_class_Data_collec/AIoT/IMG2/Image_166986329697098.jpg,1.0,0.7
/home/pi/IoT_class_Data_collec/AIoT/IMG2/Image_166986329700285.jpg,1.0,0.7
/home/pi/IoT_class_Data_collec/AIoT/IMG2/Image_1669863297039065.jpg,1.0,0.7
/home/pi/IoT_class_Data_collec/AIoT/IMG2/Image_1669863297070579.jpg,1.0,0.7
/home/pi/IoT_class_Data_collec/AIoT/IMG2/Image_1669863297102608.jpg,1.0,0.7
/home/pi/IoT_class_Data_collec/AIoT/IMG2/Image_1669863297139015.jpg,1.0,0.7
/home/pi/IoT_class_Data_collec/AIoT/IMG2/Image_1669863297170362.jpg,1.0,0.7
/home/pi/IoT_class_Data_collec/AIoT/IMG2/Image_166986329720268.jpg,1.0,0.7
/home/pi/IoT_class_Data_collec/AIoT/IMG2/Image_1669863297238562.jpg,1.0,0.7
/home/pi/IoT_class_Data_collec/AIoT/IMG2/Image_1669863297271486.jpg,1.0,0.7
/home/pi/IoT_class_Data_collec/AIoT/IMG2/Image_166986329730274.jpg,1.0,0.7
/home/pi/IoT_class_Data_collec/AIoT/IMG2/Image_1669863297338852.jpg,1.0,0.7
/home/pi/IoT_class_Data_collec/AIoT/IMG2/Image_1669863297370574.jpg,1.0,0.7
/home/pi/IoT_class_Data_collec/AIoT/IMG2/Image_1669863297402805.jpg,1.0,0.7
/home/pi/IoT_class_Data_collec/AIoT/IMG2/Image_1669863297438385.jpg,1.0,0.7
/home/pi/IoT_class_Data_collec/AIoT/IMG2/Image_1669863297470866.jpg,1.0,0.7
/home/pi/IoT_class_Data_collec/AIoT/IMG2/Image_1669863297503019.jpg,1.0,0.0
/home/pi/IoT_class_Data_collec/AIoT/IMG2/Image_1669863297537413.jpg,1.0,0.0
/home/pi/IoT_class_Data_collec/AIoT/IMG2/Image_1669863297568603.jpg,1.0,0.0
/home/pi/IoT_class_Data_collec/AIoT/IMG2/Image_1669863297600641.jpg,1.0,0.0
/home/pi/IoT_class_Data_collec/AIoT/IMG2/Image_1669863297636641.jpg,1.0,0.0
/home/pi/IoT_class_Data_collec/AIoT/IMG2/Image_1669863297668312.jpg,1.0,0.0
/home/pi/IoT_class_Data_collec/AIoT/IMG2/Image_1669863297700555.jpg,1.0,0.0
/home/pi/IoT_class_Data_collec/AIoT/IMG2/Image_1669863297736716.jpg,1.0,0.0
/home/pi/IoT_class_Data_collec/AIoT/IMG2/Image_1669863297768379.jpg,1.0,0.0
/home/pi/IoT_class_Data_collec/AIoT/IMG2/Image_1669863297800404.jpg,1.0,0.7
/home/pi/IoT_class_Data_collec/AIoT/IMG2/Image_1669863297836451.jpg,0.33,0.7
/home/pi/IoT_class_Data_collec/AIoT/IMG2/Image_1669863297868359.jpg,0.0,0.7
/home/pi/IoT_class_Data_collec/AIoT/IMG2/Image_1669863297900444.jpg,0.0,0.7
/home/pi/IoT_class_Data_collec/AIoT/IMG2/Image_1669863297936506.jpg,0.0,0.7
/home/pi/IoT_class_Data_collec/AIoT/IMG2/Image_1669863297968362.jpg,0.0,0.7
/home/pi/IoT_class_Data_collec/AIoT/IMG2/Image_1669863298000669.jpg,0.0,0.7
/home/pi/IoT_class_Data_collec/AIoT/IMG2/Image_1669863298036525.jpg,0.0,0.7
/home/pi/IoT_class_Data_collec/AIoT/IMG2/Image_1669863298068415.jpg,0.0,0.7
/home/pi/IoT_class_Data_collec/AIoT/IMG2/Image_1669863298100543.jpg,0.0,0.7
/home/pi/IoT_class_Data_collec/AIoT/IMG2/Image_1669863298136508.jpg,0.0,0.7
/home/pi/IoT_class_Data_collec/AIoT/IMG2/Image_1669863298168393.jpg,0.0,0.7
/home/pi/IoT_class_Data_collec/AIoT/IMG2/Image_1669863298200378.jpg,0.0,0.7
/home/pi/IoT_class_Data_collec/AIoT/IMG2/Image_1669863298236506.jpg,0.0,0.7
/home/pi/IoT_class_Data_collec/AIoT/IMG2/Image_1669863298270593.jpg,0.0,0.7
/home/pi/IoT_class_Data_collec/AIoT/IMG2/Image_1669863298302911.jpg,0.47,0.7
/home/pi/IoT_class_Data_collec/AIoT/IMG2/Image_1669863298339187.jpg,0.98,0.7
/home/pi/IoT_class_Data_collec/AIoT/IMG2/Image_1669863298371384.jpg,1.0,0.7
/home/pi/IoT_class_Data_collec/AIoT/IMG2/Image_1669863298402829.jpg,1.0,0.7
/home/pi/IoT_class_Data_collec/AIoT/IMG2/Image_1669863298439325.jpg,1.0,0.7
/home/pi/IoT_class_Data_collec/AIoT/IMG2/Image_1669863298471045.jpg,1.0,0.7
/home/pi/IoT_class_Data_collec/AIoT/IMG2/Image_1669863298502936.jpg,1.0,0.7
/home/pi/IoT_class_Data_collec/AIoT/IMG2/Image_1669863298539009.jpg,1.0,0.7
/home/pi/IoT_class_Data_collec/AIoT/IMG2/Image_1669863298570828.jpg,1.0,0.7
/home/pi/IoT_class_Data_collec/AIoT/IMG2/Image_1669863298602693.jpg,1.0,0.7
/home/pi/IoT_class_Data_collec/AIoT/IMG2/Image_1669863298638772.jpg,1.0,0.7
/home/pi/IoT_class_Data_collec/AIoT/IMG2/Image_1669863298671007.jpg,1.0,0.7
/home/pi/IoT_class_Data_collec/AIoT/IMG2/Image_166986329870284.jpg,1.0,0.7
/home/pi/IoT_class_Data_collec/AIoT/IMG2/Image_166986329873891.jpg,1.0,0.7
/home/pi/IoT_class_Data_collec/AIoT/IMG2/Image_1669863298770784.jpg,1.0,0.7
/home/pi/IoT_class_Data_collec/AIoT/IMG2/Image_1669863298802645.jpg,1.0,0.7
/home/pi/IoT_class_Data_collec/AIoT/IMG2/Image_1669863298838722.jpg,1.0,0.0
/home/pi/IoT_class_Data_collec/AIoT/IMG2/Image_1669863298871077.jpg,1.0,0.0
/home/pi/IoT_class_Data_collec/AIoT/IMG2/Image_1669863298902618.jpg,1.0,0.0
/home/pi/IoT_class_Data_collec/AIoT/IMG2/Image_1669863298938784.jpg,1.0,0.0
/home/pi/IoT_class_Data_collec/AIoT/IMG2/Image_1669863298971062.jpg,1.0,0.0
/home/pi/IoT_class_Data_collec/AIoT/IMG2/Image_1669863299002667.jpg,1.0,0.0
/home/pi/IoT_class_Data_collec/AIoT/IMG2/Image_1669863299038964.jpg,1.0,0.0
/home/pi/IoT_class_Data_collec/AIoT/IMG2/Image_166986329907345.jpg,1.0,0.0
/home/pi/IoT_class_Data_collec/AIoT/IMG2/Image_1669863299104077.jpg,1.0,0.0
/home/pi/IoT_class_Data_collec/AIoT/IMG2/Image_1669863299140531.jpg,1.0,0.0
/home/pi/IoT_class_Data_collec/AIoT/IMG2/Image_1669863299170528.jpg,1.0,0.0
/home/pi/IoT_class_Data_collec/AIoT/IMG2/Image_1669863299202795.jpg,1.0,0.7
/home/pi/IoT_class_Data_collec/AIoT/IMG2/Image_1669863299235275.jpg,0.77,0.7
/home/pi/IoT_class_Data_collec/AIoT/IMG2/Image_1669863299271096.jpg,0.0,0.7
/home/pi/IoT_class_Data_collec/AIoT/IMG2/Image_1669863299302956.jpg,0.0,0.7
/home/pi/IoT_class_Data_collec/AIoT/IMG2/Image_1669863299335066.jpg,0.0,0.7
/home/pi/IoT_class_Data_collec/AIoT/IMG2/Image_16698632993713.jpg,0.0,0.7
/home/pi/IoT_class_Data_collec/AIoT/IMG2/Image_1669863299403383.jpg,0.0,0.7
/home/pi/IoT_class_Data_collec/AIoT/IMG2/Image_1669863299435204.jpg,0.0,0.7
/home/pi/IoT_class_Data_collec/AIoT/IMG2/Image_1669863299471077.jpg,0.0,0.7
/home/pi/IoT_class_Data_collec/AIoT/IMG2/Image_1669863299503148.jpg,0.0,0.7
/home/pi/IoT_class_Data_collec/AIoT/IMG2/Image_1669863299580093.jpg,0.0,0.7
/home/pi/IoT_class_Data_collec/AIoT/IMG2/Image_1669863299594459.jpg,0.0,0.7
/home/pi/IoT_class_Data_collec/AIoT/IMG2/Image_1669863299612009.jpg,0.0,0.7
/home/pi/IoT_class_Data_collec/AIoT/IMG2/Image_1669863299639344.jpg,0.0,0.7
/home/pi/IoT_class_Data_collec/AIoT/IMG2/Image_1669863299669027.jpg,0.0,0.7
/home/pi/IoT_class_Data_collec/AIoT/IMG2/Image_166986329970106.jpg,0.0,0.7
/home/pi/IoT_class_Data_collec/AIoT/IMG2/Image_1669863299733061.jpg,0.0,0.7
/home/pi/IoT_class_Data_collec/AIoT/IMG2/Image_1669863299768834.jpg,0.0,0.7
/home/pi/IoT_class_Data_collec/AIoT/IMG2/Image_1669863299801086.jpg,0.0,0.7
/home/pi/IoT_class_Data_collec/AIoT/IMG2/Image_1669863299833004.jpg,0.0,0.7
/home/pi/IoT_class_Data_collec/AIoT/IMG2/Image_1669863299868824.jpg,0.0,0.7
/home/pi/IoT_class_Data_collec/AIoT/IMG2/Image_1669863299900591.jpg,0.0,0.7
/home/pi/IoT_class_Data_collec/AIoT/IMG2/Image_1669863299932721.jpg,0.0,0.7
/home/pi/IoT_class_Data_collec/AIoT/IMG2/Image_166986329996867.jpg,0.0,0.7
/home/pi/IoT_class_Data_collec/AIoT/IMG2/Image_1669863300000587.jpg,0.0,0.7
/home/pi/IoT_class_Data_collec/AIoT/IMG2/Image_166986330003281.jpg,0.0,0.7
/home/pi/IoT_class_Data_collec/AIoT/IMG2/Image_1669863300068927.jpg,0.0,0.7
/home/pi/IoT_class_Data_collec/AIoT/IMG2/Image_1669863300100977.jpg,0.0,0.7
/home/pi/IoT_class_Data_collec/AIoT/IMG2/Image_1669863300133021.jpg,0.0,0.7
/home/pi/IoT_class_Data_collec/AIoT/IMG2/Image_1669863300168613.jpg,0.0,0.7
/home/pi/IoT_class_Data_collec/AIoT/IMG2/Image_1669863300200763.jpg,0.0,0.7
/home/pi/IoT_class_Data_collec/AIoT/IMG2/Image_1669863300232919.jpg,0.0,0.7
/home/pi/IoT_class_Data_collec/AIoT/IMG2/Image_1669863300268623.jpg,0.0,0.7
/home/pi/IoT_class_Data_collec/AIoT/IMG2/Image_1669863300301058.jpg,0.0,0.7
/home/pi/IoT_class_Data_collec/AIoT/IMG2/Image_166986330033289.jpg,0.0,0.7
/home/pi/IoT_class_Data_collec/AIoT/IMG2/Image_1669863300370701.jpg,0.0,0.7
/home/pi/IoT_class_Data_collec/AIoT/IMG2/Image_1669863300403402.jpg,0.0,0.7
/home/pi/IoT_class_Data_collec/AIoT/IMG2/Image_1669863300434888.jpg,0.0,0.7
/home/pi/IoT_class_Data_collec/AIoT/IMG2/Image_1669863300468847.jpg,0.0,0.7
/home/pi/IoT_class_Data_collec/AIoT/IMG2/Image_1669863300500675.jpg,0.33,0.7
/home/pi/IoT_class_Data_collec/AIoT/IMG2/Image_1669863300532643.jpg,0.86,0.7
/home/pi/IoT_class_Data_collec/AIoT/IMG2/Image_166986330056892.jpg,1.0,0.7
/home/pi/IoT_class_Data_collec/AIoT/IMG2/Image_1669863300600887.jpg,1.0,0.7
/home/pi/IoT_class_Data_collec/AIoT/IMG2/Image_1669863300633029.jpg,1.0,0.7
/home/pi/IoT_class_Data_collec/AIoT/IMG2/Image_1669863300668563.jpg,1.0,0.7
/home/pi/IoT_class_Data_collec/AIoT/IMG2/Image_1669863300700728.jpg,1.0,0.7
/home/pi/IoT_class_Data_collec/AIoT/IMG2/Image_1669863300733063.jpg,1.0,0.7
/home/pi/IoT_class_Data_collec/AIoT/IMG2/Image_1669863300768966.jpg,1.0,0.7
/home/pi/IoT_class_Data_collec/AIoT/IMG2/Image_1669863300802998.jpg,1.0,0.7
/home/pi/IoT_class_Data_collec/AIoT/IMG2/Image_1669863300833651.jpg,1.0,0.7
/home/pi/IoT_class_Data_collec/AIoT/IMG2/Image_1669863300869424.jpg,1.0,0.7
/home/pi/IoT_class_Data_collec/AIoT/IMG2/Image_1669863300900894.jpg,1.0,0.7
/home/pi/IoT_class_Data_collec/AIoT/IMG2/Image_1669863300932875.jpg,1.0,0.7
/home/pi/IoT_class_Data_collec/AIoT/IMG2/Image_1669863300968693.jpg,1.0,0.7
/home/pi/IoT_class_Data_collec/AIoT/IMG2/Image_1669863301001665.jpg,1.0,0.7
/home/pi/IoT_class_Data_collec/AIoT/IMG2/Image_1669863301035103.jpg,1.0,0.7
/home/pi/IoT_class_Data_collec/AIoT/IMG2/Image_1669863301068996.jpg,1.0,0.7
/home/pi/IoT_class_Data_collec/AIoT/IMG2/Image_1669863301100954.jpg,1.0,0.7
/home/pi/IoT_class_Data_collec/AIoT/IMG2/Image_1669863301132886.jpg,1.0,0.7
/home/pi/IoT_class_Data_collec/AIoT/IMG2/Image_1669863301172188.jpg,1.0,0.7
/home/pi/IoT_class_Data_collec/AIoT/IMG2/Image_1669863301203952.jpg,1.0,0.7
/home/pi/IoT_class_Data_collec/AIoT/IMG2/Image_1669863301235998.jpg,1.0,0.7
/home/pi/IoT_class_Data_collec/AIoT/IMG2/Image_1669863301271183.jpg,1.0,0.7
/home/pi/IoT_class_Data_collec/AIoT/IMG2/Image_1669863301303114.jpg,1.0,0.7
/home/pi/IoT_class_Data_collec/AIoT/IMG2/Image_1669863301336814.jpg,1.0,0.7
/home/pi/IoT_class_Data_collec/AIoT/IMG2/Image_1669863301371472.jpg,1.0,0.7
/home/pi/IoT_class_Data_collec/AIoT/IMG2/Image_1669863301403866.jpg,1.0,0.7
/home/pi/IoT_class_Data_collec/AIoT/IMG2/Image_1669863301435455.jpg,1.0,0.7
/home/pi/IoT_class_Data_collec/AIoT/IMG2/Image_1669863301471512.jpg,1.0,0.0
/home/pi/IoT_class_Data_collec/AIoT/IMG2/Image_1669863301503431.jpg,1.0,0.0
/home/pi/IoT_class_Data_collec/AIoT/IMG2/Image_1669863301535559.jpg,1.0,0.0
/home/pi/IoT_class_Data_collec/AIoT/IMG2/Image_1669863301571464.jpg,1.0,0.0
/home/pi/IoT_class_Data_collec/AIoT/IMG2/Image_1669863301603729.jpg,1.0,0.0
/home/pi/IoT_class_Data_collec/AIoT/IMG2/Image_1669863301635981.jpg,1.0,0.0
/home/pi/IoT_class_Data_collec/AIoT/IMG2/Image_1669863301671164.jpg,1.0,0.0
/home/pi/IoT_class_Data_collec/AIoT/IMG2/Image_1669863301703737.jpg,1.0,0.0
/home/pi/IoT_class_Data_collec/AIoT/IMG2/Image_1669863301735612.jpg,1.0,0.0
/home/pi/IoT_class_Data_collec/AIoT/IMG2/Image_1669863301771412.jpg,1.0,0.7
/home/pi/IoT_class_Data_collec/AIoT/IMG2/Image_1669863301804536.jpg,1.0,0.7
/home/pi/IoT_class_Data_collec/AIoT/IMG2/Image_1669863301835189.jpg,1.0,0.7
/home/pi/IoT_class_Data_collec/AIoT/IMG2/Image_1669863301871651.jpg,1.0,0.7
/home/pi/IoT_class_Data_collec/AIoT/IMG2/Image_1669863301903115.jpg,1.0,0.7
/home/pi/IoT_class_Data_collec/AIoT/IMG2/Image_1669863301934962.jpg,1.0,0.7
/home/pi/IoT_class_Data_collec/AIoT/IMG2/Image_1669863301972063.jpg,1.0,0.7
/home/pi/IoT_class_Data_collec/AIoT/IMG2/Image_1669863302004298.jpg,1.0,0.7
/home/pi/IoT_class_Data_collec/AIoT/IMG2/Image_1669863302035732.jpg,1.0,0.7
/home/pi/IoT_class_Data_collec/AIoT/IMG2/Image_1669863302070737.jpg,1.0,0.7
/home/pi/IoT_class_Data_collec/AIoT/IMG2/Image_1669863302104271.jpg,1.0,0.7
/home/pi/IoT_class_Data_collec/AIoT/IMG2/Image_1669863302134867.jpg,1.0,0.7
/home/pi/IoT_class_Data_collec/AIoT/IMG2/Image_1669863302170845.jpg,1.0,0.7
/home/pi/IoT_class_Data_collec/AIoT/IMG2/Image_1669863302203506.jpg,1.0,0.7
/home/pi/IoT_class_Data_collec/AIoT/IMG2/Image_1669863302235444.jpg,1.0,0.7
/home/pi/IoT_class_Data_collec/AIoT/IMG2/Image_1669863302271725.jpg,0.95,0.7
/home/pi/IoT_class_Data_collec/AIoT/IMG2/Image_1669863302303708.jpg,0.2,0.7
/home/pi/IoT_class_Data_collec/AIoT/IMG2/Image_1669863302335941.jpg,0.0,0.7
/home/pi/IoT_class_Data_collec/AIoT/IMG2/Image_1669863302371283.jpg,0.0,0.7
/home/pi/IoT_class_Data_collec/AIoT/IMG2/Image_1669863302403197.jpg,0.0,0.7
/home/pi/IoT_class_Data_collec/AIoT/IMG2/Image_1669863302436549.jpg,0.0,0.0
/home/pi/IoT_class_Data_collec/AIoT/IMG2/Image_1669863302472585.jpg,0.0,0.0
/home/pi/IoT_class_Data_collec/AIoT/IMG2/Image_1669863302504489.jpg,0.0,0.0
/home/pi/IoT_class_Data_collec/AIoT/IMG2/Image_1669863302536033.jpg,0.0,0.0
/home/pi/IoT_class_Data_collec/AIoT/IMG2/Image_1669863302571344.jpg,-0.12,0.0
/home/pi/IoT_class_Data_collec/AIoT/IMG2/Image_1669863302604459.jpg,-0.91,0.7
/home/pi/IoT_class_Data_collec/AIoT/IMG2/Image_166986330263645.jpg,-1.0,0.7
/home/pi/IoT_class_Data_collec/AIoT/IMG2/Image_1669863302671437.jpg,-1.0,0.7
/home/pi/IoT_class_Data_collec/AIoT/IMG2/Image_1669863302705462.jpg,-0.57,0.7
/home/pi/IoT_class_Data_collec/AIoT/IMG2/Image_1669863302736791.jpg,0.0,0.7
/home/pi/IoT_class_Data_collec/AIoT/IMG2/Image_1669863302772204.jpg,0.0,0.7
/home/pi/IoT_class_Data_collec/AIoT/IMG2/Image_1669863302804359.jpg,0.0,0.7
/home/pi/IoT_class_Data_collec/AIoT/IMG2/Image_1669863302836016.jpg,0.0,0.7
/home/pi/IoT_class_Data_collec/AIoT/IMG2/Image_1669863302872013.jpg,0.0,0.7
/home/pi/IoT_class_Data_collec/AIoT/IMG2/Image_1669863302904725.jpg,0.16,0.7
/home/pi/IoT_class_Data_collec/AIoT/IMG2/Image_1669863302936509.jpg,0.53,0.7
/home/pi/IoT_class_Data_collec/AIoT/IMG2/Image_1669863302971904.jpg,0.87,0.7
/home/pi/IoT_class_Data_collec/AIoT/IMG2/Image_1669863303003199.jpg,1.0,0.7
/home/pi/IoT_class_Data_collec/AIoT/IMG2/Image_1669863303035426.jpg,1.0,0.7
/home/pi/IoT_class_Data_collec/AIoT/IMG2/Image_166986330307179.jpg,1.0,0.7
/home/pi/IoT_class_Data_collec/AIoT/IMG2/Image_1669863303105925.jpg,0.36,0.0
/home/pi/IoT_class_Data_collec/AIoT/IMG2/Image_166986330313653.jpg,0.0,0.0
/home/pi/IoT_class_Data_collec/AIoT/IMG2/Image_1669863303172645.jpg,0.0,0.0
/home/pi/IoT_class_Data_collec/AIoT/IMG2/Image_1669863303203267.jpg,0.0,0.0
/home/pi/IoT_class_Data_collec/AIoT/IMG2/Image_1669863303236135.jpg,0.0,0.0
/home/pi/IoT_class_Data_collec/AIoT/IMG2/Image_1669863303272194.jpg,0.0,0.0
/home/pi/IoT_class_Data_collec/AIoT/IMG2/Image_1669863303303491.jpg,0.73,0.0
/home/pi/IoT_class_Data_collec/AIoT/IMG2/Image_1669863303336665.jpg,1.0,0.0
/home/pi/IoT_class_Data_collec/AIoT/IMG2/Image_166986330337257.jpg,1.0,0.0
/home/pi/IoT_class_Data_collec/AIoT/IMG2/Image_16698633034032.jpg,1.0,0.0
/home/pi/IoT_class_Data_collec/AIoT/IMG2/Image_1669863303435536.jpg,1.0,0.0
/home/pi/IoT_class_Data_collec/AIoT/IMG2/Image_1669863303471479.jpg,0.82,0.0
/home/pi/IoT_class_Data_collec/AIoT/IMG2/Image_1669863303503471.jpg,0.05,0.0
/home/pi/IoT_class_Data_collec/AIoT/IMG2/Image_166986330353545.jpg,0.0,0.0
/home/pi/IoT_class_Data_collec/AIoT/IMG2/Image_1669863303571354.jpg,0.0,0.0
/home/pi/IoT_class_Data_collec/AIoT/IMG2/Image_1669863303603513.jpg,0.0,0.7
/home/pi/IoT_class_Data_collec/AIoT/IMG2/Image_1669863303636069.jpg,0.0,0.7
/home/pi/IoT_class_Data_collec/AIoT/IMG2/Image_1669863303671537.jpg,0.0,0.7
/home/pi/IoT_class_Data_collec/AIoT/IMG2/Image_1669863303703506.jpg,0.0,0.7
/home/pi/IoT_class_Data_collec/AIoT/IMG2/Image_1669863303735462.jpg,0.0,0.7
/home/pi/IoT_class_Data_collec/AIoT/IMG2/Image_1669863303772339.jpg,0.0,0.7
/home/pi/IoT_class_Data_collec/AIoT/IMG2/Image_1669863303803453.jpg,-0.27,0.7
/home/pi/IoT_class_Data_collec/AIoT/IMG2/Image_1669863303836193.jpg,-0.53,0.7
/home/pi/IoT_class_Data_collec/AIoT/IMG2/Image_1669863303872381.jpg,-1.0,0.0
/home/pi/IoT_class_Data_collec/AIoT/IMG2/Image_1669863303903863.jpg,-1.0,0.0
/home/pi/IoT_class_Data_collec/AIoT/IMG2/Image_1669863303936273.jpg,-1.0,0.0
/home/pi/IoT_class_Data_collec/AIoT/IMG2/Image_16698633039715.jpg,-1.0,0.0
/home/pi/IoT_class_Data_collec/AIoT/IMG2/Image_1669863304003937.jpg,-1.0,0.0
/home/pi/IoT_class_Data_collec/AIoT/IMG2/Image_1669863304036645.jpg,-1.0,0.0
/home/pi/IoT_class_Data_collec/AIoT/IMG2/Image_1669863304072076.jpg,-1.0,0.0
/home/pi/IoT_class_Data_collec/AIoT/IMG2/Image_1669863304104396.jpg,-1.0,0.0
/home/pi/IoT_class_Data_collec/AIoT/IMG2/Image_1669863304135599.jpg,-1.0,0.0
/home/pi/IoT_class_Data_collec/AIoT/IMG2/Image_1669863304171579.jpg,-1.0,0.0
/home/pi/IoT_class_Data_collec/AIoT/IMG2/Image_166986330420404.jpg,-1.0,0.0
/home/pi/IoT_class_Data_collec/AIoT/IMG2/Image_1669863304235751.jpg,-0.91,0.0
/home/pi/IoT_class_Data_collec/AIoT/IMG2/Image_1669863304271243.jpg,-0.36,0.0
/home/pi/IoT_class_Data_collec/AIoT/IMG2/Image_1669863304303908.jpg,0.0,0.7
/home/pi/IoT_class_Data_collec/AIoT/IMG2/Image_1669863304335617.jpg,0.0,0.7
/home/pi/IoT_class_Data_collec/AIoT/IMG2/Image_1669863304371322.jpg,0.0,0.7
/home/pi/IoT_class_Data_collec/AIoT/IMG2/Image_1669863304404257.jpg,0.0,0.7
/home/pi/IoT_class_Data_collec/AIoT/IMG2/Image_1669863304435837.jpg,0.0,0.7
/home/pi/IoT_class_Data_collec/AIoT/IMG2/Image_1669863304471264.jpg,0.0,0.7
/home/pi/IoT_class_Data_collec/AIoT/IMG2/Image_1669863304503664.jpg,0.0,0.7
/home/pi/IoT_class_Data_collec/AIoT/IMG2/Image_1669863304535926.jpg,0.0,0.7
/home/pi/IoT_class_Data_collec/AIoT/IMG2/Image_1669863304571744.jpg,0.0,0.7
/home/pi/IoT_class_Data_collec/AIoT/IMG2/Image_1669863304603098.jpg,0.0,0.7
/home/pi/IoT_class_Data_collec/AIoT/IMG2/Image_1669863304636484.jpg,0.0,0.7
/home/pi/IoT_class_Data_collec/AIoT/IMG2/Image_1669863304672352.jpg,0.0,0.0
/home/pi/IoT_class_Data_collec/AIoT/IMG2/Image_1669863304857563.jpg,0.0,0.7
/home/pi/IoT_class_Data_collec/AIoT/IMG2/Image_166986330487249.jpg,0.0,0.7
/home/pi/IoT_class_Data_collec/AIoT/IMG2/Image_1669863304888243.jpg,0.0,0.7
/home/pi/IoT_class_Data_collec/AIoT/IMG2/Image_1669863304900061.jpg,0.0,0.7
/home/pi/IoT_class_Data_collec/AIoT/IMG2/Image_1669863304914866.jpg,0.0,0.7
/home/pi/IoT_class_Data_collec/AIoT/IMG2/Image_1669863304937902.jpg,0.0,0.7
/home/pi/IoT_class_Data_collec/AIoT/IMG2/Image_1669863304970338.jpg,0.0,0.7
/home/pi/IoT_class_Data_collec/AIoT/IMG2/Image_1669863305003077.jpg,0.0,0.7
/home/pi/IoT_class_Data_collec/AIoT/IMG2/Image_1669863305033546.jpg,0.01,0.7
/home/pi/IoT_class_Data_collec/AIoT/IMG2/Image_1669863305069608.jpg,0.31,0.7
/home/pi/IoT_class_Data_collec/AIoT/IMG2/Image_1669863305101688.jpg,0.98,0.0
/home/pi/IoT_class_Data_collec/AIoT/IMG2/Image_1669863305133515.jpg,1.0,0.0
/home/pi/IoT_class_Data_collec/AIoT/IMG2/Image_1669863305169373.jpg,1.0,0.0
/home/pi/IoT_class_Data_collec/AIoT/IMG2/Image_1669863305201357.jpg,1.0,0.0
/home/pi/IoT_class_Data_collec/AIoT/IMG2/Image_1669863305233474.jpg,1.0,0.0
/home/pi/IoT_class_Data_collec/AIoT/IMG2/Image_1669863305269476.jpg,1.0,0.0
/home/pi/IoT_class_Data_collec/AIoT/IMG2/Image_16698633053016.jpg,1.0,0.0
/home/pi/IoT_class_Data_collec/AIoT/IMG2/Image_1669863305333562.jpg,1.0,0.7
/home/pi/IoT_class_Data_collec/AIoT/IMG2/Image_1669863305369479.jpg,1.0,0.7
/home/pi/IoT_class_Data_collec/AIoT/IMG2/Image_1669863305401484.jpg,1.0,0.7
/home/pi/IoT_class_Data_collec/AIoT/IMG2/Image_1669863305433479.jpg,1.0,0.0
/home/pi/IoT_class_Data_collec/AIoT/IMG2/Image_1669863305469363.jpg,0.77,0.0
/home/pi/IoT_class_Data_collec/AIoT/IMG2/Image_1669863305501641.jpg,0.01,0.0
/home/pi/IoT_class_Data_collec/AIoT/IMG2/Image_1669863305533735.jpg,0.0,0.0
/home/pi/IoT_class_Data_collec/AIoT/IMG2/Image_1669863305569325.jpg,0.0,0.0
/home/pi/IoT_class_Data_collec/AIoT/IMG2/Image_1669863305601367.jpg,0.0,0.0
/home/pi/IoT_class_Data_collec/AIoT/IMG2/Image_1669863305633672.jpg,0.0,0.0
/home/pi/IoT_class_Data_collec/AIoT/IMG2/Image_166986330567019.jpg,0.0,0.7
/home/pi/IoT_class_Data_collec/AIoT/IMG2/Image_1669863305704809.jpg,0.0,0.7
/home/pi/IoT_class_Data_collec/AIoT/IMG2/Image_1669863305737067.jpg,0.0,0.7
/home/pi/IoT_class_Data_collec/AIoT/IMG2/Image_1669863305772319.jpg,0.0,0.7
/home/pi/IoT_class_Data_collec/AIoT/IMG2/Image_1669863305803585.jpg,0.0,0.7
/home/pi/IoT_class_Data_collec/AIoT/IMG2/Image_1669863305835629.jpg,0.0,0.7
/home/pi/IoT_class_Data_collec/AIoT/IMG2/Image_1669863305872232.jpg,0.0,0.0
/home/pi/IoT_class_Data_collec/AIoT/IMG2/Image_1669863305904816.jpg,0.0,0.0
/home/pi/IoT_class_Data_collec/AIoT/IMG2/Image_1669863305938564.jpg,0.0,0.0
/home/pi/IoT_class_Data_collec/AIoT/IMG2/Image_1669863305971801.jpg,-0.14,0.0
/home/pi/IoT_class_Data_collec/AIoT/IMG2/Image_1669863306003994.jpg,-0.27,0.0
/home/pi/IoT_class_Data_collec/AIoT/IMG2/Image_1669863306036019.jpg,-0.1,0.0
/home/pi/IoT_class_Data_collec/AIoT/IMG2/Image_1669863306072867.jpg,0.0,0.0
/home/pi/IoT_class_Data_collec/AIoT/IMG2/Image_1669863306104014.jpg,0.0,0.0
/home/pi/IoT_class_Data_collec/AIoT/IMG2/Image_166986330613597.jpg,0.0,0.0
/home/pi/IoT_class_Data_collec/AIoT/IMG2/Image_1669863306171317.jpg,0.0,0.0
/home/pi/IoT_class_Data_collec/AIoT/IMG2/Image_1669863306201251.jpg,-0.16,0.0
/home/pi/IoT_class_Data_collec/AIoT/IMG2/Image_1669863306233402.jpg,-0.63,0.0
/home/pi/IoT_class_Data_collec/AIoT/IMG2/Image_1669863306269081.jpg,-1.0,0.7
/home/pi/IoT_class_Data_collec/AIoT/IMG2/Image_1669863306301169.jpg,-1.0,0.7
/home/pi/IoT_class_Data_collec/AIoT/IMG2/Image_1669863306333184.jpg,-1.0,0.7
/home/pi/IoT_class_Data_collec/AIoT/IMG2/Image_1669863306369144.jpg,-0.41,0.7
/home/pi/IoT_class_Data_collec/AIoT/IMG2/Image_1669863306401061.jpg,0.0,0.7
/home/pi/IoT_class_Data_collec/AIoT/IMG2/Image_1669863306433525.jpg,0.0,0.0
/home/pi/IoT_class_Data_collec/AIoT/IMG2/Image_1669863306469118.jpg,0.0,0.0
/home/pi/IoT_class_Data_collec/AIoT/IMG2/Image_1669863306501156.jpg,0.0,0.0
/home/pi/IoT_class_Data_collec/AIoT/IMG2/Image_1669863306533235.jpg,0.0,0.0
/home/pi/IoT_class_Data_collec/AIoT/IMG2/Image_1669863306569053.jpg,0.0,0.0
/home/pi/IoT_class_Data_collec/AIoT/IMG2/Image_1669863306601133.jpg,0.0,0.0
/home/pi/IoT_class_Data_collec/AIoT/IMG2/Image_1669863306633371.jpg,0.0,0.0
/home/pi/IoT_class_Data_collec/AIoT/IMG2/Image_1669863306669063.jpg,0.0,0.7
/home/pi/IoT_class_Data_collec/AIoT/IMG2/Image_1669863306701308.jpg,0.0,0.7
/home/pi/IoT_class_Data_collec/AIoT/IMG2/Image_1669863306733435.jpg,0.0,0.7
/home/pi/IoT_class_Data_collec/AIoT/IMG2/Image_1669863306769092.jpg,0.0,0.7
/home/pi/IoT_class_Data_collec/AIoT/IMG2/Image_1669863306801179.jpg,0.0,0.7
/home/pi/IoT_class_Data_collec/AIoT/IMG2/Image_1669863306833282.jpg,0.0,0.7
/home/pi/IoT_class_Data_collec/AIoT/IMG2/Image_1669863306869094.jpg,0.0,0.7
/home/pi/IoT_class_Data_collec/AIoT/IMG2/Image_1669863306904314.jpg,0.0,0.7
/home/pi/IoT_class_Data_collec/AIoT/IMG2/Image_1669863306936176.jpg,0.0,0.7
/home/pi/IoT_class_Data_collec/AIoT/IMG2/Image_1669863306972109.jpg,0.0,0.7
/home/pi/IoT_class_Data_collec/AIoT/IMG2/Image_1669863307001346.jpg,0.0,0.7
/home/pi/IoT_class_Data_collec/AIoT/IMG2/Image_1669863307033396.jpg,0.48,0.7
/home/pi/IoT_class_Data_collec/AIoT/IMG2/Image_1669863307069102.jpg,0.86,0.7
/home/pi/IoT_class_Data_collec/AIoT/IMG2/Image_1669863307101131.jpg,1.0,0.7
/home/pi/IoT_class_Data_collec/AIoT/IMG2/Image_1669863307133236.jpg,1.0,0.7
/home/pi/IoT_class_Data_collec/AIoT/IMG2/Image_166986330716917.jpg,0.91,0.7
/home/pi/IoT_class_Data_collec/AIoT/IMG2/Image_1669863307201449.jpg,0.43,0.7
/home/pi/IoT_class_Data_collec/AIoT/IMG2/Image_1669863307233249.jpg,0.0,0.7
/home/pi/IoT_class_Data_collec/AIoT/IMG2/Image_16698633072694.jpg,0.0,0.7
/home/pi/IoT_class_Data_collec/AIoT/IMG2/Image_1669863307301204.jpg,0.0,0.7
/home/pi/IoT_class_Data_collec/AIoT/IMG2/Image_1669863307333308.jpg,0.0,0.7
/home/pi/IoT_class_Data_collec/AIoT/IMG2/Image_1669863307369208.jpg,0.0,0.7
/home/pi/IoT_class_Data_collec/AIoT/IMG2/Image_1669863307401438.jpg,0.62,0.7
/home/pi/IoT_class_Data_collec/AIoT/IMG2/Image_166986330743356.jpg,1.0,0.7
/home/pi/IoT_class_Data_collec/AIoT/IMG2/Image_1669863307469177.jpg,1.0,0.7
/home/pi/IoT_class_Data_collec/AIoT/IMG2/Image_1669863307501514.jpg,1.0,0.7
/home/pi/IoT_class_Data_collec/AIoT/IMG2/Image_1669863307533479.jpg,1.0,0.7
/home/pi/IoT_class_Data_collec/AIoT/IMG2/Image_1669863307569239.jpg,1.0,0.7
/home/pi/IoT_class_Data_collec/AIoT/IMG2/Image_1669863307601212.jpg,1.0,0.7
/home/pi/IoT_class_Data_collec/AIoT/IMG2/Image_1669863307633412.jpg,1.0,0.7
/home/pi/IoT_class_Data_collec/AIoT/IMG2/Image_1669863307669167.jpg,1.0,0.7
/home/pi/IoT_class_Data_collec/AIoT/IMG2/Image_1669863307704061.jpg,1.0,0.7
/home/pi/IoT_class_Data_collec/AIoT/IMG2/Image_1669863307737818.jpg,1.0,0.7
/home/pi/IoT_class_Data_collec/AIoT/IMG2/Image_1669863307773623.jpg,1.0,0.7
/home/pi/IoT_class_Data_collec/AIoT/IMG2/Image_1669863307804558.jpg,1.0,0.7
/home/pi/IoT_class_Data_collec/AIoT/IMG2/Image_1669863307836186.jpg,1.0,0.7
/home/pi/IoT_class_Data_collec/AIoT/IMG2/Image_1669863307872936.jpg,1.0,0.7
/home/pi/IoT_class_Data_collec/AIoT/IMG2/Image_1669863307905552.jpg,1.0,0.0
/home/pi/IoT_class_Data_collec/AIoT/IMG2/Image_1669863307936873.jpg,0.94,0.0
/home/pi/IoT_class_Data_collec/AIoT/IMG2/Image_1669863307971844.jpg,0.25,0.0
/home/pi/IoT_class_Data_collec/AIoT/IMG2/Image_1669863308004624.jpg,0.0,0.0
/home/pi/IoT_class_Data_collec/AIoT/IMG2/Image_1669863308038659.jpg,0.0,0.0
/home/pi/IoT_class_Data_collec/AIoT/IMG2/Image_1669863308072586.jpg,0.0,0.0
/home/pi/IoT_class_Data_collec/AIoT/IMG2/Image_1669863308101652.jpg,0.0,0.0
/home/pi/IoT_class_Data_collec/AIoT/IMG2/Image_1669863308133645.jpg,0.0,0.7
/home/pi/IoT_class_Data_collec/AIoT/IMG2/Image_1669863308169613.jpg,0.0,0.7
/home/pi/IoT_class_Data_collec/AIoT/IMG2/Image_1669863308201602.jpg,0.0,0.7
/home/pi/IoT_class_Data_collec/AIoT/IMG2/Image_1669863308233755.jpg,0.0,0.7
/home/pi/IoT_class_Data_collec/AIoT/IMG2/Image_1669863308269806.jpg,0.0,0.7
/home/pi/IoT_class_Data_collec/AIoT/IMG2/Image_1669863308301609.jpg,0.0,0.7
/home/pi/IoT_class_Data_collec/AIoT/IMG2/Image_1669863308334091.jpg,0.0,0.7
/home/pi/IoT_class_Data_collec/AIoT/IMG2/Image_1669863308369592.jpg,0.21,0.7
/home/pi/IoT_class_Data_collec/AIoT/IMG2/Image_1669863308401844.jpg,0.71,0.7
/home/pi/IoT_class_Data_collec/AIoT/IMG2/Image_1669863308434182.jpg,1.0,0.7
/home/pi/IoT_class_Data_collec/AIoT/IMG2/Image_1669863308470152.jpg,1.0,0.7
/home/pi/IoT_class_Data_collec/AIoT/IMG2/Image_1669863308502057.jpg,1.0,0.7
/home/pi/IoT_class_Data_collec/AIoT/IMG2/Image_1669863308537669.jpg,1.0,0.7
/home/pi/IoT_class_Data_collec/AIoT/IMG2/Image_1669863308569788.jpg,1.0,0.7
/home/pi/IoT_class_Data_collec/AIoT/IMG2/Image_1669863308601625.jpg,1.0,0.7
/home/pi/IoT_class_Data_collec/AIoT/IMG2/Image_1669863308633702.jpg,1.0,0.7
/home/pi/IoT_class_Data_collec/AIoT/IMG2/Image_166986330866978.jpg,1.0,0.7
/home/pi/IoT_class_Data_collec/AIoT/IMG2/Image_1669863308701565.jpg,0.81,0.7
/home/pi/IoT_class_Data_collec/AIoT/IMG2/Image_166986330873393.jpg,0.79,0.7
/home/pi/IoT_class_Data_collec/AIoT/IMG2/Image_1669863308769902.jpg,0.86,0.7
/home/pi/IoT_class_Data_collec/AIoT/IMG2/Image_1669863308805383.jpg,0.93,0.7
/home/pi/IoT_class_Data_collec/AIoT/IMG2/Image_1669863308837533.jpg,0.94,0.7
/home/pi/IoT_class_Data_collec/AIoT/IMG2/Image_1669863308873476.jpg,0.87,0.7
/home/pi/IoT_class_Data_collec/AIoT/IMG2/Image_1669863308904708.jpg,0.55,0.7
/home/pi/IoT_class_Data_collec/AIoT/IMG2/Image_1669863308936884.jpg,0.1,0.7
/home/pi/IoT_class_Data_collec/AIoT/IMG2/Image_1669863308972281.jpg,0.0,0.7
/home/pi/IoT_class_Data_collec/AIoT/IMG2/Image_166986330900432.jpg,0.0,0.7
/home/pi/IoT_class_Data_collec/AIoT/IMG2/Image_1669863309036186.jpg,0.0,0.7
/home/pi/IoT_class_Data_collec/AIoT/IMG2/Image_1669863309072088.jpg,0.0,0.7
/home/pi/IoT_class_Data_collec/AIoT/IMG2/Image_1669863309103806.jpg,0.0,0.7
/home/pi/IoT_class_Data_collec/AIoT/IMG2/Image_1669863309136151.jpg,0.0,0.7
/home/pi/IoT_class_Data_collec/AIoT/IMG2/Image_1669863309172207.jpg,0.0,0.7
/home/pi/IoT_class_Data_collec/AIoT/IMG2/Image_1669863309204866.jpg,0.0,0.7
/home/pi/IoT_class_Data_collec/AIoT/IMG2/Image_1669863309235993.jpg,0.0,0.7
/home/pi/IoT_class_Data_collec/AIoT/IMG2/Image_1669863309272672.jpg,0.0,0.7
/home/pi/IoT_class_Data_collec/AIoT/IMG2/Image_1669863309305268.jpg,0.0,0.7
/home/pi/IoT_class_Data_collec/AIoT/IMG2/Image_1669863309335787.jpg,0.0,0.7
/home/pi/IoT_class_Data_collec/AIoT/IMG2/Image_1669863309372218.jpg,0.43,0.7
/home/pi/IoT_class_Data_collec/AIoT/IMG2/Image_1669863309402642.jpg,1.0,0.7
/home/pi/IoT_class_Data_collec/AIoT/IMG2/Image_1669863309433948.jpg,1.0,0.7
/home/pi/IoT_class_Data_collec/AIoT/IMG2/Image_1669863309469695.jpg,1.0,0.7
/home/pi/IoT_class_Data_collec/AIoT/IMG2/Image_166986330950199.jpg,1.0,0.7
/home/pi/IoT_class_Data_collec/AIoT/IMG2/Image_1669863309533786.jpg,1.0,0.7
/home/pi/IoT_class_Data_collec/AIoT/IMG2/Image_1669863309574185.jpg,1.0,0.7
/home/pi/IoT_class_Data_collec/AIoT/IMG2/Image_1669863309601495.jpg,1.0,0.7
/home/pi/IoT_class_Data_collec/AIoT/IMG2/Image_1669863309633606.jpg,1.0,0.7
/home/pi/IoT_class_Data_collec/AIoT/IMG2/Image_1669863309665606.jpg,0.55,0.7
/home/pi/IoT_class_Data_collec/AIoT/IMG2/Image_1669863309701376.jpg,0.0,0.0
/home/pi/IoT_class_Data_collec/AIoT/IMG2/Image_1669863309733463.jpg,0.0,0.0
/home/pi/IoT_class_Data_collec/AIoT/IMG2/Image_1669863309765652.jpg,0.0,0.0
/home/pi/IoT_class_Data_collec/AIoT/IMG2/Image_1669863309801528.jpg,0.0,0.0
/home/pi/IoT_class_Data_collec/AIoT/IMG2/Image_1669863309833838.jpg,0.0,0.0
/home/pi/IoT_class_Data_collec/AIoT/IMG2/Image_1669863309866136.jpg,0.0,0.0
/home/pi/IoT_class_Data_collec/AIoT/IMG2/Image_1669863309901725.jpg,0.0,0.0
/home/pi/IoT_class_Data_collec/AIoT/IMG2/Image_1669863309935381.jpg,0.0,0.0
/home/pi/IoT_class_Data_collec/AIoT/IMG2/Image_1669863309966301.jpg,0.0,0.0
/home/pi/IoT_class_Data_collec/AIoT/IMG2/Image_1669863310002334.jpg,0.0,0.0
/home/pi/IoT_class_Data_collec/AIoT/IMG2/Image_16698633100355.jpg,0.0,0.0
/home/pi/IoT_class_Data_collec/AIoT/IMG2/Image_1669863310066648.jpg,0.0,0.0
/home/pi/IoT_class_Data_collec/AIoT/IMG2/Image_1669863310103607.jpg,0.0,0.0
/home/pi/IoT_class_Data_collec/AIoT/IMG2/Image_1669863310138007.jpg,0.0,0.7
/home/pi/IoT_class_Data_collec/AIoT/IMG2/Image_1669863310169269.jpg,0.0,0.7
/home/pi/IoT_class_Data_collec/AIoT/IMG2/Image_1669863310204112.jpg,0.0,0.7
/home/pi/IoT_class_Data_collec/AIoT/IMG2/Image_166986331023643.jpg,0.0,0.7
/home/pi/IoT_class_Data_collec/AIoT/IMG2/Image_1669863310268355.jpg,0.0,0.7
/home/pi/IoT_class_Data_collec/AIoT/IMG2/Image_1669863310305812.jpg,0.0,0.7
/home/pi/IoT_class_Data_collec/AIoT/IMG2/Image_166986331033729.jpg,0.0,0.7
/home/pi/IoT_class_Data_collec/AIoT/IMG2/Image_1669863310368491.jpg,0.0,0.0
/home/pi/IoT_class_Data_collec/AIoT/IMG2/Image_1669863310403251.jpg,0.0,0.0
/home/pi/IoT_class_Data_collec/AIoT/IMG2/Image_1669863310433971.jpg,0.0,0.0
/home/pi/IoT_class_Data_collec/AIoT/IMG2/Image_1669863310465926.jpg,0.0,0.0
/home/pi/IoT_class_Data_collec/AIoT/IMG2/Image_1669863310502269.jpg,-0.4,0.0
/home/pi/IoT_class_Data_collec/AIoT/IMG2/Image_1669863310533996.jpg,-0.72,0.0
/home/pi/IoT_class_Data_collec/AIoT/IMG2/Image_1669863310565994.jpg,-1.0,0.0
/home/pi/IoT_class_Data_collec/AIoT/IMG2/Image_1669863310601912.jpg,-1.0,0.0
/home/pi/IoT_class_Data_collec/AIoT/IMG2/Image_1669863310634244.jpg,-1.0,0.0
/home/pi/IoT_class_Data_collec/AIoT/IMG2/Image_1669863310665988.jpg,-1.0,0.0
/home/pi/IoT_class_Data_collec/AIoT/IMG2/Image_1669863310701801.jpg,-0.87,0.0
/home/pi/IoT_class_Data_collec/AIoT/IMG2/Image_1669863310733849.jpg,-0.3,0.0
/home/pi/IoT_class_Data_collec/AIoT/IMG2/Image_1669863310766384.jpg,0.0,0.0
/home/pi/IoT_class_Data_collec/AIoT/IMG2/Image_1669863310801831.jpg,0.0,0.0
/home/pi/IoT_class_Data_collec/AIoT/IMG2/Image_1669863310833909.jpg,0.0,0.0
/home/pi/IoT_class_Data_collec/AIoT/IMG2/Image_1669863310865898.jpg,0.0,0.0
/home/pi/IoT_class_Data_collec/AIoT/IMG2/Image_166986331090205.jpg,0.0,0.0
/home/pi/IoT_class_Data_collec/AIoT/IMG2/Image_1669863310934605.jpg,0.0,0.0
/home/pi/IoT_class_Data_collec/AIoT/IMG2/Image_1669863310966008.jpg,0.0,0.0
/home/pi/IoT_class_Data_collec/AIoT/IMG2/Image_1669863311001914.jpg,0.0,0.0
/home/pi/IoT_class_Data_collec/AIoT/IMG2/Image_1669863311034357.jpg,0.0,0.0
/home/pi/IoT_class_Data_collec/AIoT/IMG2/Image_166986331106609.jpg,0.0,0.0
/home/pi/IoT_class_Data_collec/AIoT/IMG2/Image_1669863311102154.jpg,0.0,0.0
/home/pi/IoT_class_Data_collec/AIoT/IMG2/Image_1669863311139086.jpg,0.0,0.0
/home/pi/IoT_class_Data_collec/AIoT/IMG2/Image_1669863311169634.jpg,0.0,0.0
/home/pi/IoT_class_Data_collec/AIoT/IMG2/Image_1669863311205758.jpg,0.0,0.0
/home/pi/IoT_class_Data_collec/AIoT/IMG2/Image_166986331123431.jpg,0.0,0.0
/home/pi/IoT_class_Data_collec/AIoT/IMG2/Image_1669863311265975.jpg,0.0,0.0
/home/pi/IoT_class_Data_collec/AIoT/IMG2/Image_1669863311302126.jpg,0.0,0.0
/home/pi/IoT_class_Data_collec/AIoT/IMG2/Image_1669863311333986.jpg,0.0,0.0
/home/pi/IoT_class_Data_collec/AIoT/IMG2/Image_1669863311365651.jpg,0.0,0.0
/home/pi/IoT_class_Data_collec/AIoT/IMG2/Image_1669863311402496.jpg,0.0,0.0
/home/pi/IoT_class_Data_collec/AIoT/IMG2/Image_1669863311437119.jpg,0.0,0.0
/home/pi/IoT_class_Data_collec/AIoT/IMG2/Image_166986331146597.jpg,0.0,0.0
/home/pi/IoT_class_Data_collec/AIoT/IMG2/Image_1669863311503434.jpg,0.0,0.0
/home/pi/IoT_class_Data_collec/AIoT/IMG2/Image_1669863311534087.jpg,0.0,0.0
/home/pi/IoT_class_Data_collec/AIoT/IMG2/Image_1669863311566859.jpg,0.0,0.0
/home/pi/IoT_class_Data_collec/AIoT/IMG2/Image_1669863311602254.jpg,0.0,0.0
/home/pi/IoT_class_Data_collec/AIoT/IMG2/Image_1669863311634037.jpg,0.0,0.0
/home/pi/IoT_class_Data_collec/AIoT/IMG2/Image_1669863311665634.jpg,0.0,0.0
/home/pi/IoT_class_Data_collec/AIoT/IMG2/Image_1669863311701671.jpg,0.0,0.0
/home/pi/IoT_class_Data_collec/AIoT/IMG2/Image_1669863311734345.jpg,0.0,0.0
/home/pi/IoT_class_Data_collec/AIoT/IMG2/Image_1669863311765707.jpg,0.0,0.0
/home/pi/IoT_class_Data_collec/AIoT/IMG2/Image_1669863311801653.jpg,0.0,0.0
/home/pi/IoT_class_Data_collec/AIoT/IMG2/Image_1669863311834013.jpg,0.0,0.0
/home/pi/IoT_class_Data_collec/AIoT/IMG2/Image_1669863311865809.jpg,0.0,0.0
/home/pi/IoT_class_Data_collec/AIoT/IMG2/Image_16698633119021.jpg,0.0,0.0
/home/pi/IoT_class_Data_collec/AIoT/IMG2/Image_166986331193722.jpg,0.0,0.0
/home/pi/IoT_class_Data_collec/AIoT/IMG2/Image_1669863311968661.jpg,0.0,0.0
/home/pi/IoT_class_Data_collec/AIoT/IMG2/Image_1669863312005136.jpg,0.0,0.0
/home/pi/IoT_class_Data_collec/AIoT/IMG2/Image_1669863312036112.jpg,0.0,0.0
/home/pi/IoT_class_Data_collec/AIoT/IMG2/Image_166986331206798.jpg,0.0,0.0
/home/pi/IoT_class_Data_collec/AIoT/IMG2/Image_1669863312103986.jpg,0.0,0.0
/home/pi/IoT_class_Data_collec/AIoT/IMG2/Image_1669863312136243.jpg,0.0,0.0
/home/pi/IoT_class_Data_collec/AIoT/IMG2/Image_1669863312168104.jpg,0.0,0.0
/home/pi/IoT_class_Data_collec/AIoT/IMG2/Image_1669863312204414.jpg,0.0,0.0
/home/pi/IoT_class_Data_collec/AIoT/IMG2/Image_1669863312236218.jpg,0.0,0.0
/home/pi/IoT_class_Data_collec/AIoT/IMG2/Image_1669863312268113.jpg,0.0,0.0
/home/pi/IoT_class_Data_collec/AIoT/IMG2/Image_1669863312303727.jpg,0.0,0.0
/home/pi/IoT_class_Data_collec/AIoT/IMG2/Image_1669863312336829.jpg,0.0,0.0
/home/pi/IoT_class_Data_collec/AIoT/IMG2/Image_1669863312368515.jpg,0.0,0.0
/home/pi/IoT_class_Data_collec/AIoT/IMG2/Image_1669863312404382.jpg,0.0,0.0
/home/pi/IoT_class_Data_collec/AIoT/IMG2/Image_1669863312436911.jpg,0.0,0.0
/home/pi/IoT_class_Data_collec/AIoT/IMG2/Image_1669863312468696.jpg,0.0,0.0
/home/pi/IoT_class_Data_collec/AIoT/IMG2/Image_1669863312504181.jpg,0.0,0.0
/home/pi/IoT_class_Data_collec/AIoT/IMG2/Image_166986331253694.jpg,0.0,0.0
/home/pi/IoT_class_Data_collec/AIoT/IMG2/Image_1669863312567802.jpg,0.0,0.0
/home/pi/IoT_class_Data_collec/AIoT/IMG2/Image_1669863312603919.jpg,0.0,0.0
/home/pi/IoT_class_Data_collec/AIoT/IMG2/Image_1669863312636055.jpg,0.0,0.0
/home/pi/IoT_class_Data_collec/AIoT/IMG2/Image_1669863312668306.jpg,0.0,0.0
/home/pi/IoT_class_Data_collec/AIoT/IMG2/Image_1669863312704185.jpg,0.0,0.0
/home/pi/IoT_class_Data_collec/AIoT/IMG2/Image_1669863312736506.jpg,0.0,0.0
/home/pi/IoT_class_Data_collec/AIoT/IMG2/Image_1669863312768087.jpg,0.0,0.0
/home/pi/IoT_class_Data_collec/AIoT/IMG2/Image_1669863312803998.jpg,0.0,0.0
/home/pi/IoT_class_Data_collec/AIoT/IMG2/Image_1669863312836301.jpg,0.0,0.0
/home/pi/IoT_class_Data_collec/AIoT/IMG2/Image_1669863312868018.jpg,0.0,0.0
/home/pi/IoT_class_Data_collec/AIoT/IMG2/Image_166986331290395.jpg,0.0,0.0
/home/pi/IoT_class_Data_collec/AIoT/IMG2/Image_1669863312936462.jpg,0.0,0.0
/home/pi/IoT_class_Data_collec/AIoT/IMG2/Image_1669863312968436.jpg,0.0,0.0
/home/pi/IoT_class_Data_collec/AIoT/IMG2/Image_1669863313005116.jpg,0.0,0.0
/home/pi/IoT_class_Data_collec/AIoT/IMG2/Image_1669863313036368.jpg,0.0,0.0
/home/pi/IoT_class_Data_collec/AIoT/IMG2/Image_1669863313069488.jpg,0.0,0.0
/home/pi/IoT_class_Data_collec/AIoT/IMG2/Image_1669863313105274.jpg,0.0,0.0
/home/pi/IoT_class_Data_collec/AIoT/IMG2/Image_1669863313136498.jpg,0.0,0.0
/home/pi/IoT_class_Data_collec/AIoT/IMG2/Image_1669863313169211.jpg,0.0,0.0
/home/pi/IoT_class_Data_collec/AIoT/IMG2/Image_1669863313205277.jpg,0.0,0.0
/home/pi/IoT_class_Data_collec/AIoT/IMG2/Image_1669863313237247.jpg,0.0,0.0
/home/pi/IoT_class_Data_collec/AIoT/IMG2/Image_1669863313268328.jpg,0.0,0.0
/home/pi/IoT_class_Data_collec/AIoT/IMG2/Image_1669863313304432.jpg,0.0,0.0
/home/pi/IoT_class_Data_collec/AIoT/IMG2/Image_1669863313336967.jpg,0.0,0.0
/home/pi/IoT_class_Data_collec/AIoT/IMG2/Image_1669863313370218.jpg,0.0,0.0
/home/pi/IoT_class_Data_collec/AIoT/IMG2/Image_1669863313405236.jpg,0.0,0.0
